name,GfPrTr,HfPrTr,SPrTr,VPrTr,k0,k1,k2,k3,k4,k5,k6,v1,v2,v3,v4,Tlambda,Tref,dTdP,l1,l2,DtH,Tmax,Tmin,d0,d1,d2,d3,d4,Vad
hedenbergite,-2674300,-2837802.5,173.59,6.785,353.31148,-3106.646,2047911.742,-563018581,0,0,0,2.796487,0,-0.17457,0.00151,,,,,,,,,,,,,,
andradite,-5419000,-5761985.8,316.4,13.167,569.7558,-1441.44,-22441040.802,3146543781,0,0,0,2.072525,0.000561,-0.06539136,0.0001635,,,,,,,,,,,,,,
ferro-actinolite,-9839000,-10518042.6,685.1,28.26,1321.15758,-8966.454,-21705844.286,3236159154,0,0,0,2.84,0,-0.15,0,,,,,,,,,,,,,,
grunerite,-8964807,-9623000,725,27.8,1347.83,-9356.91,-20228480,3039190000,0,0,0,2.84,0,-0.15,0,,,,,,,,,,,,,,
ilvaite,-3440000,-3695605.5,291.5,10.016,682.79138,-8787.112,30183568.71,-5666432624,0,0,0,1.801543,0.001152,-0.06838,2.4E-05,,,,,,,,,,,,,,
